{"cameraMode":{"drawMode":0,"name":"Shaded","section":"Shading Mode"},"sceneLighting":false,"audioPlay":false,"sceneViewState":{"showFog":true,"showMaterialUpdate":false,"showSkybox":true,"showFlares":true,"showImageEffects":true,"showParticleSystems":true},"in2DMode":false,"pivot":{"x":0.12845899164676667,"y":0.14484088122844697,"z":1.2967183589935303},"rotation":{"x":-0.004416646435856819,"y":0.9812479615211487,"z":-0.19136348366737367,"w":-0.02264951914548874},"size":2.91504168510437,"orthographic":false}